<PAMDataset>
  <Metadata>
    <MDI key="DataType">Generic</MDI>
  </Metadata>
  <Metadata domain="Esri">
    <MDI key="PyramidResamplingType">NEAREST</MDI>
  </Metadata>
  <PAMRasterBand band="1">
    <Description>Layer_1</Description>
    <Histograms>
      <HistItem>
        <HistMin>-0.5</HistMin>
        <HistMax>6.5</HistMax>
        <BucketCount>7</BucketCount>
        <IncludeOutOfRange>1</IncludeOutOfRange>
        <Approximate>0</Approximate>
        <HistCounts>0|598889|29771|86811|10885|22036|1290</HistCounts>
      </HistItem>
    </Histograms>
    <GDALRasterAttributeTable>
      <FieldDefn index="0">
        <Name>Rowid</Name>
        <Type>0</Type>
        <Usage>0</Usage>
      </FieldDefn>
      <FieldDefn index="1">
        <Name>VALUE</Name>
        <Type>0</Type>
        <Usage>0</Usage>
      </FieldDefn>
      <FieldDefn index="2">
        <Name>COUNT</Name>
        <Type>0</Type>
        <Usage>0</Usage>
      </FieldDefn>
      <Row index="0">
        <F>0</F>
        <F>1</F>
        <F>598889</F>
      </Row>
      <Row index="1">
        <F>1</F>
        <F>2</F>
        <F>29771</F>
      </Row>
      <Row index="2">
        <F>2</F>
        <F>3</F>
        <F>86811</F>
      </Row>
      <Row index="3">
        <F>3</F>
        <F>4</F>
        <F>10885</F>
      </Row>
      <Row index="4">
        <F>4</F>
        <F>5</F>
        <F>22036</F>
      </Row>
      <Row index="5">
        <F>5</F>
        <F>6</F>
        <F>1290</F>
      </Row>
    </GDALRasterAttributeTable>
    <Metadata>
      <MDI key="LAYER_TYPE">athematic</MDI>
      <MDI key="SourceBandIndex">0</MDI>
      <MDI key="STATISTICS_COVARIANCES">0.9523766237315524</MDI>
      <MDI key="STATISTICS_EXCLUDEDVALUES"></MDI>
      <MDI key="STATISTICS_MAXIMUM">6</MDI>
      <MDI key="STATISTICS_MEAN">1.4410430022329</MDI>
      <MDI key="STATISTICS_MINIMUM">1</MDI>
      <MDI key="STATISTICS_SKIPFACTORX">1</MDI>
      <MDI key="STATISTICS_SKIPFACTORY">1</MDI>
      <MDI key="STATISTICS_STDDEV">0.97589785517315</MDI>
    </Metadata>
  </PAMRasterBand>
</PAMDataset>
